{"initial_reset_timestamp": 1624680258.3382049, "timestamps": [1624680266.290498], "episode_lengths": [200], "episode_rewards": [-253.74023541905078], "episode_types": ["t"]}