{"initial_reset_timestamp": 1624680306.839249, "timestamps": [1624680316.55326], "episode_lengths": [200], "episode_rewards": [-503.0509977623879], "episode_types": ["t"]}