{"initial_reset_timestamp": 1624680283.0566049, "timestamps": [1624680292.322201], "episode_lengths": [200], "episode_rewards": [-279.4493353572028], "episode_types": ["t"]}