{"initial_reset_timestamp": 1624680210.6410549, "timestamps": [1624680220.371037], "episode_lengths": [200], "episode_rewards": [-226.19432331325172], "episode_types": ["t"]}