{"initial_reset_timestamp": 1624680333.058078, "timestamps": [1624680341.222594], "episode_lengths": [200], "episode_rewards": [-324.57031768653167], "episode_types": ["t"]}